level,size,x,y,expo_us,mean,nframes,sat_px_max,low_px_max
1,256,0,0,300.0,149.9,10,0,0
2,256,128,0,300.0,180.5,10,0,0
3,256,256,0,300.0,186.3,10,0,0
4,256,384,0,300.0,222.5,10,0,0
5,256,512,0,300.0,212.0,10,0,0
6,256,544,0,300.0,210.3,10,0,0
7,256,0,128,300.0,231.2,10,0,0
8,256,128,128,300.0,309.5,10,0,0
9,256,256,128,300.0,356.3,10,0,0
10,256,384,128,300.0,298.8,10,0,0
11,256,512,128,300.0,230.1,10,0,0
12,256,544,128,300.0,221.3,10,0,0
13,256,0,256,300.0,303.6,10,0,0
14,256,128,256,300.0,588.8,10,0,0
15,256,256,256,300.0,769.6,10,0,0
1,256,0,0,174.38,178.6,10,0,0
2,256,128,0,174.38,183.7,10,0,0
3,256,256,0,174.38,187.4,10,0,0
4,256,384,0,174.38,185.7,10,0,0
5,256,512,0,174.38,182.0,10,0,0
6,256,544,0,174.38,181.4,10,0,0
7,256,0,128,174.38,188.8,10,0,0
8,256,128,128,174.38,227.9,10,0,0
9,256,256,128,174.38,252.5,10,0,0
10,256,384,128,174.38,225.7,10,0,0
11,256,512,128,174.38,192.2,10,0,0
12,256,544,128,174.38,187.6,10,0,0
13,256,0,256,174.38,225.0,10,0,0
14,256,128,256,174.38,370.1,10,0,0
15,256,256,256,174.38,466.7,10,0,0
16,256,384,256,174.38,360.8,10,0,0
17,256,512,256,174.38,225.7,10,0,0
18,256,544,256,174.38,207.8,10,0,0
19,256,0,344,174.38,250.5,10,0,0
20,256,128,344,174.38,982.1,10,198,0
1,256,0,0,74.25,154.9,10,0,0
2,256,128,0,74.25,156.2,10,0,0
3,256,256,0,74.25,157.0,10,0,0
4,256,384,0,74.25,156.6,10,0,0
5,256,512,0,74.25,156.0,10,0,0
6,256,544,0,74.25,156.0,10,0,0
7,256,0,128,74.25,157.4,10,0,0
8,256,128,128,74.25,166.7,10,0,0
9,256,256,128,74.25,173.0,10,0,0
10,256,384,128,74.25,166.9,10,0,0
11,256,512,128,74.25,158.7,10,0,0
12,256,544,128,74.25,157.5,10,0,0
13,256,0,256,74.25,166.3,10,0,0
14,256,128,256,74.25,201.3,10,0,0
15,256,256,256,74.25,227.7,10,0,0
16,256,384,256,74.25,202.5,10,0,0
17,256,512,256,74.25,167.4,10,0,0
18,256,544,256,74.25,162.9,10,0,0
19,256,0,344,74.25,172.3,10,0,0
20,256,128,344,74.25,980.3,10,196,0
1,256,0,0,32.25,151.0,10,0,0
2,256,128,0,32.25,150.9,10,0,0
3,256,256,0,32.25,151.0,10,0,0
4,256,384,0,32.25,151.0,10,0,0
5,256,512,0,32.25,151.0,10,0,0
6,256,544,0,32.25,151.0,10,0,0
7,256,0,128,32.25,151.0,10,0,0
8,256,128,128,32.25,151.0,10,0,0
9,256,256,128,32.25,151.9,10,0,0
10,256,384,128,32.25,152.0,10,0,0
11,256,512,128,32.25,151.1,10,0,0
12,256,544,128,32.25,151.0,10,0,0
13,256,0,256,32.25,151.0,10,0,0
14,256,128,256,32.25,152.1,10,0,0
15,256,256,256,32.25,155.0,10,0,0
16,256,384,256,32.25,155.9,10,0,0
17,256,512,256,32.25,153.0,10,0,0
18,256,544,256,32.25,152.1,10,0,0
19,256,0,344,32.25,151.4,10,0,0
20,256,128,344,32.25,158.1,10,0,0
21,256,256,344,32.25,168.0,10,0,0
22,256,384,344,32.25,164.0,10,0,0
23,256,512,344,32.25,153.7,10,0,0
24,256,544,344,32.25,152.9,10,0,0
1,256,0,0,48.75,151.0,10,0,0
2,256,128,0,48.75,151.3,10,0,0
3,256,256,0,48.75,151.6,10,0,0
4,256,384,0,48.75,151.7,10,0,0
5,256,512,0,48.75,151.4,10,0,0
6,256,544,0,48.75,151.1,10,0,0
7,256,0,128,48.75,151.6,10,0,0
8,256,128,128,48.75,153.4,10,0,0
9,256,256,128,48.75,155.5,10,0,0
10,256,384,128,48.75,154.1,10,0,0
11,256,512,128,48.75,152.0,10,0,0
12,256,544,128,48.75,151.9,10,0,0
13,256,0,256,48.75,153.3,10,0,0
14,256,128,256,48.75,162.7,10,0,0
15,256,256,256,48.75,171.4,10,0,0
16,256,384,256,48.75,165.5,10,0,0
17,256,512,256,48.75,155.1,10,0,0
18,256,544,256,48.75,153.8,10,0,0
19,256,0,344,48.75,155.3,10,0,0
20,256,128,344,48.75,585.4,10,0,0
21,256,256,344,48.75,808.5,10,1,0
1,256,0,0,39.75,150.7,10,0,0
2,256,128,0,39.75,150.6,10,0,0
3,256,256,0,39.75,150.8,10,0,0
4,256,384,0,39.75,150.9,10,0,0
5,256,512,0,39.75,150.8,10,0,0
6,256,544,0,39.75,150.9,10,0,0
7,256,0,128,39.75,150.9,10,0,0
8,256,128,128,39.75,151.0,10,0,0
9,256,256,128,39.75,151.8,10,0,0
10,256,384,128,39.75,151.8,10,0,0
11,256,512,128,39.75,151.0,10,0,0
12,256,544,128,39.75,151.0,10,0,0
13,256,0,256,39.75,151.0,10,0,0
14,256,128,256,39.75,152.8,10,0,0
15,256,256,256,39.75,156.4,10,0,0
16,256,384,256,39.75,156.4,10,0,0
17,256,512,256,39.75,153.0,10,0,0
18,256,544,256,39.75,152.0,10,0,0
19,256,0,344,39.75,151.9,10,0,0
20,256,128,344,39.75,234.4,10,0,0
21,256,256,344,39.75,290.3,10,0,0
22,256,384,344,39.75,198.4,10,0,0
23,256,512,344,39.75,154.0,10,0,0
24,256,544,344,39.75,152.9,10,0,0
1,256,0,0,43.88,150.8,10,0,0
2,256,128,0,43.88,150.9,10,0,0
3,256,256,0,43.88,151.1,10,0,0
4,256,384,0,43.88,151.0,10,0,0
5,256,512,0,43.88,151.0,10,0,0
6,256,544,0,43.88,151.0,10,0,0
7,256,0,128,43.88,150.9,10,0,0
8,256,128,128,43.88,152.0,10,0,0
9,256,256,128,43.88,153.1,10,0,0
10,256,384,128,43.88,152.6,10,0,0
11,256,512,128,43.88,151.3,10,0,0
12,256,544,128,43.88,151.2,10,0,0
13,256,0,256,43.88,152.0,10,0,0
14,256,128,256,43.88,156.4,10,0,0
15,256,256,256,43.88,161.8,10,0,0
16,256,384,256,43.88,159.6,10,0,0
17,256,512,256,43.88,153.8,10,0,0
18,256,544,256,43.88,152.8,10,0,0
19,256,0,344,43.88,153.0,10,0,0
20,256,128,344,43.88,378.4,10,0,0
21,256,256,344,43.88,514.2,10,0,0
22,256,384,344,43.88,270.0,10,0,0
23,256,512,344,43.88,154.8,10,0,0
24,256,544,344,43.88,153.5,10,0,0
25,128,128,216,43.88,150.9,10,0,0
26,128,192,216,43.88,150.8,10,0,0
27,128,256,216,43.88,150.9,10,0,0
28,128,320,216,43.88,151.0,10,0,0
29,128,384,216,43.88,151.0,10,0,0
30,128,448,216,43.88,151.0,10,0,0
31,128,512,216,43.88,151.0,10,0,0
32,128,128,280,43.88,150.9,10,0,0
33,128,192,280,43.88,151.1,10,0,0
34,128,256,280,43.88,151.6,10,0,0
35,128,320,280,43.88,151.7,10,0,0
36,128,384,280,43.88,152.1,10,0,0
37,128,448,280,43.88,152.0,10,0,0
38,128,512,280,43.88,151.2,10,0,0
39,128,128,344,43.88,151.0,10,0,0
40,128,192,344,43.88,151.8,10,0,0
41,128,256,344,43.88,152.3,10,0,0
42,128,320,344,43.88,152.7,10,0,0
43,128,384,344,43.88,153.2,10,0,0
44,128,448,344,43.88,153.1,10,0,0
45,128,512,344,43.88,152.0,10,0,0
46,128,128,408,43.88,151.6,10,0,0
47,128,192,408,43.88,152.2,10,0,0
48,128,256,408,43.88,154.1,10,0,0
49,128,320,408,43.88,156.7,10,0,0
50,128,384,408,43.88,156.4,10,0,0
51,128,448,408,43.88,154.8,10,0,0
52,128,512,408,43.88,152.7,10,0,0
53,128,128,472,43.88,151.7,10,0,0
54,128,192,472,43.88,153.3,10,0,0
55,128,256,472,43.88,377.5,10,0,0
56,128,320,472,43.88,486.2,10,0,0
57,128,384,472,43.88,253.4,10,0,0
58,128,448,472,43.88,155.9,10,0,0
59,128,512,472,43.88,152.8,10,0,0
60,64,256,408,43.88,150.9,10,0,0
61,64,288,408,43.88,151.0,10,0,0
62,64,320,408,43.88,151.0,10,0,0
63,64,352,408,43.88,151.1,10,0,0
64,64,384,408,43.88,151.1,10,0,0
65,64,416,408,43.88,151.2,10,0,0
66,64,448,408,43.88,151.4,10,0,0
67,64,256,440,43.88,150.9,10,0,0
68,64,288,440,43.88,151.0,10,0,0
69,64,320,440,43.88,151.3,10,0,0
70,64,352,440,43.88,151.6,10,0,0
71,64,384,440,43.88,151.9,10,0,0
72,64,416,440,43.88,151.9,10,0,0
73,64,448,440,43.88,151.5,10,0,0
74,64,256,472,43.88,151.0,10,0,0
75,64,288,472,43.88,151.4,10,0,0
76,64,320,472,43.88,151.9,10,0,0
77,64,352,472,43.88,152.4,10,0,0
78,64,384,472,43.88,152.6,10,0,0
79,64,416,472,43.88,152.1,10,0,0
80,64,448,472,43.88,151.9,10,0,0
81,64,256,504,43.88,151.0,10,0,0
82,64,288,504,43.88,152.6,10,0,0
83,64,320,504,43.88,155.4,10,0,0
84,64,352,504,43.88,155.8,10,0,0
85,64,384,504,43.88,154.7,10,0,0
86,64,416,504,43.88,153.3,10,0,0
87,64,448,504,43.88,152.2,10,0,0
88,64,256,536,43.88,151.7,10,0,0
89,64,288,536,43.88,155.6,10,0,0
90,64,320,536,43.88,359.7,10,0,0
91,64,352,536,43.88,465.1,10,0,0
92,64,384,536,43.88,251.0,10,0,0
93,64,416,536,43.88,154.4,10,0,0
94,64,448,536,43.88,152.5,10,0,0
95,32,320,504,43.88,151.0,10,0,0
96,32,336,504,43.88,151.0,10,0,0
97,32,352,504,43.88,151.0,10,0,0
98,32,368,504,43.88,151.0,10,0,0
99,32,384,504,43.88,151.0,10,0,0
100,32,400,504,43.88,151.1,10,0,0
101,32,416,504,43.88,151.0,10,0,0
102,32,320,520,43.88,150.9,10,0,0
103,32,336,520,43.88,151.2,10,0,0
104,32,352,520,43.88,151.3,10,0,0
105,32,368,520,43.88,151.1,10,0,0
106,32,384,520,43.88,151.2,10,0,0
107,32,400,520,43.88,151.0,10,0,0
108,32,416,520,43.88,151.0,10,0,0
109,32,320,536,43.88,151.5,10,0,0
110,32,336,536,43.88,151.8,10,0,0
111,32,352,536,43.88,152.1,10,0,0
112,32,368,536,43.88,151.9,10,0,0
113,32,384,536,43.88,151.5,10,0,0
114,32,400,536,43.88,151.2,10,0,0
115,32,416,536,43.88,151.2,10,0,0
116,32,320,552,43.88,151.9,10,0,0
117,32,336,552,43.88,152.8,10,0,0
118,32,352,552,43.88,157.9,10,0,0
119,32,368,552,43.88,159.0,10,0,0
120,32,384,552,43.88,153.3,10,0,0
121,32,400,552,43.88,151.7,10,0,0
122,32,416,552,43.88,151.0,10,0,0
123,32,320,568,43.88,153.1,10,0,0
124,32,336,568,43.88,213.9,10,0,0
125,32,352,568,43.88,359.9,10,0,0
126,32,368,568,43.88,379.9,10,0,0
127,32,384,568,43.88,244.8,10,0,0
128,32,400,568,43.88,154.4,10,0,0
129,32,416,568,43.88,151.2,10,0,0
130,16,352,552,43.88,150.8,10,0,0
131,16,360,552,43.88,151.0,10,0,0
132,16,368,552,43.88,151.0,10,0,0
133,16,376,552,43.88,150.9,10,0,0
134,16,384,552,43.88,150.9,10,0,0
135,16,392,552,43.88,150.8,10,0,0
136,16,400,552,43.88,150.9,10,0,0
137,16,352,560,43.88,150.9,10,0,0
138,16,360,560,43.88,151.1,10,0,0
139,16,368,560,43.88,151.0,10,0,0
140,16,376,560,43.88,151.0,10,0,0
141,16,384,560,43.88,151.0,10,0,0
142,16,392,560,43.88,151.0,10,0,0
143,16,400,560,43.88,151.0,10,0,0
144,16,352,568,43.88,151.1,10,0,0
145,16,360,568,43.88,152.1,10,0,0
146,16,368,568,43.88,155.1,10,0,0
147,16,376,568,43.88,154.7,10,0,0
148,16,384,568,43.88,151.9,10,0,0
149,16,392,568,43.88,151.0,10,0,0
150,16,400,568,43.88,151.0,10,0,0
151,16,352,576,43.88,163.5,10,0,0
152,16,360,576,43.88,189.6,10,0,0
153,16,368,576,43.88,205.3,10,0,0
154,16,376,576,43.88,204.3,10,0,0
155,16,384,576,43.88,183.6,10,0,0
156,16,392,576,43.88,160.5,10,0,0
157,16,400,576,43.88,151.2,10,0,0
158,16,352,584,43.88,205.3,10,0,0
159,16,360,584,43.88,248.6,10,0,0
160,16,368,584,43.88,266.5,10,0,0
161,16,376,584,43.88,262.6,10,0,0
162,16,384,584,43.88,229.5,10,0,0
163,16,392,584,43.88,174.4,10,0,0
164,16,400,584,43.88,153.3,10,0,0
130,16,352,552,135.75,172.6,10,0,0
131,16,360,552,135.75,173.8,10,0,0
132,16,368,552,135.75,174.2,10,0,0
133,16,376,552,135.75,174.3,10,0,0
134,16,384,552,135.75,171.8,10,0,0
135,16,392,552,135.75,170.0,10,0,0
136,16,400,552,135.75,168.6,10,0,0
137,16,352,560,135.75,175.8,10,0,0
138,16,360,560,135.75,178.9,10,0,0
139,16,368,560,135.75,181.5,10,0,0
140,16,376,560,135.75,181.0,10,0,0
141,16,384,560,135.75,176.3,10,0,0
142,16,392,560,135.75,173.6,10,0,0
143,16,400,560,135.75,171.1,10,0,0
144,16,352,568,135.75,185.5,10,0,0
145,16,360,568,135.75,220.0,10,0,0
146,16,368,568,135.75,292.8,10,0,0
147,16,376,568,135.75,276.7,10,0,0
148,16,384,568,135.75,209.1,10,0,0
149,16,392,568,135.75,182.0,10,0,0
150,16,400,568,135.75,174.3,10,0,0
151,16,352,576,135.75,466.6,10,0,0
152,16,360,576,135.75,911.3,10,53,0
130,16,352,552,77.25,157.1,10,0,0
131,16,360,552,77.25,157.6,10,0,0
132,16,368,552,77.25,157.8,10,0,0
133,16,376,552,77.25,157.4,10,0,0
134,16,384,552,77.25,156.4,10,0,0
135,16,392,552,77.25,155.8,10,0,0
136,16,400,552,77.25,155.2,10,0,0
137,16,352,560,77.25,158.4,10,0,0
138,16,360,560,77.25,159.6,10,0,0
139,16,368,560,77.25,160.7,10,0,0
140,16,376,560,77.25,160.1,10,0,0
141,16,384,560,77.25,158.2,10,0,0
142,16,392,560,77.25,157.0,10,0,0
143,16,400,560,77.25,155.9,10,0,0
144,16,352,568,77.25,161.9,10,0,0
145,16,360,568,77.25,174.9,10,0,0
146,16,368,568,77.25,202.4,10,0,0
147,16,376,568,77.25,195.1,10,0,0
148,16,384,568,77.25,170.4,10,0,0
149,16,392,568,77.25,160.0,10,0,0
150,16,400,568,77.25,157.0,10,0,0
151,16,352,576,77.25,269.0,10,0,0
152,16,360,576,77.25,462.3,10,0,0
153,16,368,576,77.25,594.3,10,0,0
154,16,376,576,77.25,585.6,10,0,0
155,16,384,576,77.25,432.8,10,0,0
156,16,392,576,77.25,243.5,10,0,0
157,16,400,576,77.25,160.2,10,0,0
158,16,352,584,77.25,613.8,10,0,0
130,16,352,552,60.0,153.1,10,0,0
131,16,360,552,60.0,153.2,10,0,0
132,16,368,552,60.0,153.3,10,0,0
133,16,376,552,60.0,153.1,10,0,0
134,16,384,552,60.0,153.0,10,0,0
135,16,392,552,60.0,152.5,10,0,0
136,16,400,552,60.0,152.2,10,0,0
137,16,352,560,60.0,153.8,10,0,0
138,16,360,560,60.0,154.2,10,0,0
139,16,368,560,60.0,154.7,10,0,0
140,16,376,560,60.0,154.5,10,0,0
141,16,384,560,60.0,153.9,10,0,0
142,16,392,560,60.0,153.0,10,0,0
143,16,400,560,60.0,152.5,10,0,0
144,16,352,568,60.0,155.5,10,0,0
145,16,360,568,60.0,162.0,10,0,0
146,16,368,568,60.0,175.9,10,0,0
147,16,376,568,60.0,173.1,10,0,0
148,16,384,568,60.0,159.9,10,0,0
149,16,392,568,60.0,154.3,10,0,0
150,16,400,568,60.0,152.8,10,0,0
151,16,352,576,60.0,213.1,10,0,0
152,16,360,576,60.0,315.6,10,0,0
153,16,368,576,60.0,386.0,10,0,0
154,16,376,576,60.0,385.8,10,0,0
155,16,384,576,60.0,303.0,10,0,0
156,16,392,576,60.0,198.0,10,0,0
157,16,400,576,60.0,154.4,10,0,0
158,16,352,584,60.0,398.6,10,0,0
159,16,360,584,60.0,564.2,10,0,0
160,16,368,584,60.0,624.3,10,0,0
130,16,352,552,51.38,151.6,10,0,0
131,16,360,552,51.38,151.7,10,0,0
132,16,368,552,51.38,151.8,10,0,0
133,16,376,552,51.38,151.7,10,0,0
134,16,384,552,51.38,151.3,10,0,0
135,16,392,552,51.38,151.5,10,0,0
136,16,400,552,51.38,151.0,10,0,0
137,16,352,560,51.38,152.0,10,0,0
138,16,360,560,51.38,152.1,10,0,0
139,16,368,560,51.38,152.3,10,0,0
140,16,376,560,51.38,152.1,10,0,0
141,16,384,560,51.38,152.0,10,0,0
142,16,392,560,51.38,151.9,10,0,0
143,16,400,560,51.38,151.6,10,0,0
144,16,352,568,51.38,152.9,10,0,0
145,16,360,568,51.38,156.3,10,0,0
146,16,368,568,51.38,164.2,10,0,0
147,16,376,568,51.38,162.3,10,0,0
148,16,384,568,51.38,154.9,10,0,0
149,16,392,568,51.38,152.6,10,0,0
150,16,400,568,51.38,152.0,10,0,0
151,16,352,576,51.38,184.2,10,0,0
152,16,360,576,51.38,246.5,10,0,0
153,16,368,576,51.38,286.8,10,0,0
154,16,376,576,51.38,286.8,10,0,0
155,16,384,576,51.38,237.5,10,0,0
156,16,392,576,51.38,177.3,10,0,0
157,16,400,576,51.38,152.6,10,0,0
158,16,352,584,51.38,293.4,10,0,0
159,16,360,584,51.38,392.6,10,0,0
160,16,368,584,51.38,421.5,10,0,0
161,16,376,584,51.38,423.1,10,0,0
162,16,384,584,51.38,334.9,10,0,0
163,16,392,584,51.38,210.6,10,0,0
164,16,400,584,51.38,158.3,10,0,0
