delay_us,W0,W17,W34,W51,W68,W85,W102,W119,W136,W153,W170,W187,W204,W221,W238,W255
0,0,0,0,0,0,0,0,0,0,0,0,0,0,0,0,0
20,0,0,0,0,0,0,0,0,0,0,0,0,0,0,0,0
40,0,0,0,0,0,0,0,0,0,0,0,0,0,0,0,0
60,0,0,0,0,0,0,0,0,0,0,0,0,0,0,0,0
80,0,0,0,0,0,0,0,0,0,0,0,0,0,0,0,0
100,0,0,0,0,0,0,0,0,0,0,0,0,0,0,0,0
120,0,0,0,0,0,0,0,0,0,0,0,0,0,0,0,0
140,0,0,0,0,0,0,0,0,0,0,0,0,0,0,0,0
160,0,0,0,0,0,0,0,0,0,0,0,0,0,0,0,0
180,0,0,0,0,0,0,0,0,0,0,0,0,0,0,0,0
200,0,0,0,0,0,0,0,0,0,0,0,0,0,0,0,0
220,0,0,0,0,0,0,0,0,0,0,0,0,0,0,0,0
240,0,0,0,0,0,0,0,0,0,0,0,0,0,0,0,0
260,0,0,0,0,0,0,0,0,0,0,0,0,0,0,0,0
280,0,0,0,0,0,0,0,0,0,0,0,0,0,0,0,0
300,0,0,0,0,0,0,0,0,0,0,0,0,0,0,0,0
320,0,0,0,0,0,0,0,0,0,0,0,0,0,0,0,0
340,0,0,0,0,0,0,0,0,0,0,0,0,0,0,0,0
360,0,0,0,0,0,0,0,0,0,0,0,0,0,0,0,0
380,0,0,0,0,0,0,0,0,0,0,0,0,0,0,0,0
400,0,0,0,0,0,0,0,0,0,0,0,0,0,0,0,0
420,0,0,0,0,0,0,0,0,0,0,0,0,0,0,0,0
440,0,0,0,0,0,0,0,0,0,0,0,0,0,0,0,0
460,0,0,0,0,0,0,0,0,0,0,0,0,0,0,0,0
480,0,0,0,0,0,0,0,0,0,0,0,0,0,0,0,0
500,0,0,0,0,0,0,0,0,0,0,0,0,0,0,0,0
520,0,0,0,0,0,0,0,0,0,0,0,0,0,0,0,0
540,0,0,0,0,0,0,0,0,0,0,0,0,0,0,0,0
560,0,0,0,0,0,0,0,0,0,0,0,0,0,0,0,0
580,0,0,0,0,0,0,0,0,0,0,1,1,0,1,1,1
600,0,0,0,0,0,0,0,0,0,0,1,1,0,1,1,1
620,0,0,0,0,0,0,0,0,0,0,1,1,0,1,1,1
640,0,0,0,0,0,0,0,0,0,0,1,1,0,1,1,1
660,0,0,0,0,0,0,0,0,0,0,1,1,0,1,1,1
680,0,0,0,0,0,0,0,0,0,0,1,1,0,1,1,1
700,0,0,0,0,0,0,0,0,0,0,1,1,0,1,1,1
720,0,0,0,0,0,0,0,0,0,0,1,1,0,1,1,1
740,0,0,0,0,0,0,0,0,0,0,1,1,0,1,1,1
760,0,0,0,0,0,0,0,0,0,0,1,1,0,1,1,1
780,0,0,0,0,0,0,0,0,0,0,1,1,0,1,1,1
800,0,0,0,0,0,0,0,0,0,0,1,1,0,1,1,1
820,0,0,0,0,0,0,0,0,0,0,1,1,0,1,1,1
840,0,0,0,0,0,0,0,0,0,0,1,1,0,1,1,1
860,0,0,1,1,0,0,1,1,1,0,1,0,0,1,0,0
880,0,0,1,1,0,0,1,1,1,0,1,0,0,1,0,0
900,0,0,0,0,0,0,0,0,1,0,0,0,0,0,0,0
920,0,0,0,0,0,0,0,0,1,1,0,0,1,0,0,0
940,0,0,0,0,0,0,0,0,1,1,0,0,1,0,0,0
960,0,0,0,0,0,0,0,0,1,1,0,0,1,0,0,0
980,0,0,0,0,0,0,0,0,1,1,0,0,1,0,0,0
1000,0,0,0,0,0,0,0,0,1,1,0,0,1,0,0,0
1020,0,0,0,0,0,0,0,0,1,1,0,0,1,0,0,0
1040,0,0,0,0,0,0,0,0,1,1,0,0,1,0,0,0
1060,0,0,0,0,0,0,0,0,1,1,0,0,1,0,0,0
1080,0,0,0,0,0,0,0,0,1,1,0,0,1,0,0,0
1100,0,0,0,0,0,0,0,0,1,1,0,0,1,0,0,0
1120,0,0,0,0,0,0,0,0,1,1,0,0,1,0,0,0
1140,0,0,0,0,0,0,0,0,1,1,0,0,1,0,0,0
1160,0,0,0,0,0,0,0,0,0,0,0,0,0,0,0,0
1180,0,0,0,0,0,0,0,0,0,0,0,0,0,0,0,0
1200,0,0,0,0,0,0,0,0,0,0,0,0,0,0,0,0
1220,0,0,0,0,0,0,0,0,0,0,0,0,0,0,0,0
1240,0,0,0,0,0,0,0,0,0,0,0,0,0,0,0,0
1260,0,0,0,0,0,0,0,0,0,0,0,0,0,0,0,0
1280,0,0,0,0,0,0,0,0,0,0,0,0,0,0,0,0
1300,0,0,0,0,0,0,0,0,0,0,0,0,0,0,0,0
1320,0,0,0,0,0,0,0,0,0,0,0,0,0,0,0,0
1340,0,0,0,0,0,0,0,0,0,0,0,0,0,0,0,0
1360,0,0,0,0,0,0,0,0,0,0,0,0,0,0,0,0
1380,0,0,0,0,0,0,0,0,0,0,0,0,0,0,0,0
1400,0,0,0,0,0,0,0,0,0,0,0,0,0,0,0,0
1420,0,0,0,0,0,0,0,0,0,0,0,0,0,0,0,0
1440,0,0,0,0,0,0,0,0,0,0,0,0,0,0,0,0
1460,0,0,0,0,0,0,0,0,0,0,0,0,0,0,0,0
1480,0,0,0,0,0,0,0,0,0,0,0,0,0,0,0,0
1500,0,0,0,0,0,0,0,0,0,0,0,0,0,0,0,0
1520,0,0,0,0,0,0,0,0,0,0,0,0,0,0,0,0
1540,0,0,0,0,0,0,0,0,0,0,0,0,0,0,0,0
1560,0,0,0,0,0,0,0,0,0,0,0,0,0,0,0,0
1580,0,0,0,0,0,0,0,0,0,0,0,0,0,0,0,0
1600,0,0,0,0,0,0,0,0,0,0,0,0,0,0,0,0
1620,0,0,0,0,0,0,0,0,0,0,0,0,0,0,0,0
1640,0,0,0,0,0,0,0,0,0,0,0,0,0,0,0,0
1660,0,0,0,0,0,0,0,0,0,0,0,0,0,0,0,0
1680,0,0,0,0,0,0,0,0,0,0,0,0,0,0,0,0
1700,0,0,0,0,0,0,0,0,0,0,0,0,0,0,0,0
1720,0,0,0,0,0,0,0,0,0,0,0,0,0,0,0,0
1740,0,0,0,0,0,0,0,0,0,0,0,0,0,0,0,0
1760,0,0,0,0,0,0,0,0,0,0,0,0,0,0,0,0
1780,0,0,0,0,0,0,0,0,0,0,0,0,0,0,0,0
1800,0,0,0,0,0,0,0,0,0,0,0,0,0,0,0,0
1820,0,0,0,0,0,0,0,0,0,0,0,0,0,0,0,0
1840,0,0,0,0,0,0,0,0,0,0,0,0,0,0,0,0
1860,0,0,0,0,0,0,0,0,0,0,0,0,0,0,0,0
1880,0,0,0,0,0,0,0,0,0,0,0,0,0,0,0,0
1900,0,0,0,0,0,0,0,0,0,0,0,0,0,0,0,0
1920,0,0,0,0,0,0,0,0,0,0,0,0,0,0,0,0
1940,0,0,0,0,0,0,0,0,0,0,0,0,0,0,0,0
1960,0,0,0,0,0,0,0,0,0,0,0,0,0,0,0,0
1980,0,0,0,0,0,0,0,0,0,0,0,0,0,0,0,0
2000,0,0,0,0,0,0,0,0,0,0,0,0,0,0,0,0
2020,0,0,0,0,0,0,0,0,0,0,0,0,0,0,0,0
2040,0,0,0,0,0,0,0,0,0,0,0,0,0,0,0,0
2060,0,0,0,0,0,0,0,0,0,0,0,0,0,0,0,0
2080,0,0,0,0,0,0,0,0,0,0,0,0,0,0,0,0
2100,0,0,0,0,0,0,0,0,0,0,0,0,0,0,0,0
2120,0,0,0,0,0,0,0,0,0,0,0,0,0,0,0,0
2140,0,0,0,0,0,0,0,0,0,0,0,0,0,0,0,0
2160,0,0,0,0,0,0,0,0,0,0,0,0,0,0,0,0
2180,0,0,0,0,0,0,0,0,0,0,0,0,0,0,0,1
2200,0,0,0,0,0,0,0,0,0,0,0,0,0,0,0,1
2220,0,0,0,0,0,0,0,0,0,0,0,0,0,0,0,1
2240,0,0,0,0,0,0,0,0,0,0,0,0,0,0,0,1
2260,0,0,0,0,0,0,0,0,0,0,0,0,0,0,0,1
2280,0,0,0,0,0,0,0,0,0,0,0,0,0,0,0,1
2300,0,0,0,0,0,0,0,0,0,0,0,0,0,0,0,1
2320,0,0,0,0,0,0,0,0,0,0,0,0,0,0,0,1
2340,0,0,0,0,0,0,0,0,0,0,0,0,0,0,0,1
2360,0,0,0,0,0,0,0,0,0,0,0,0,0,0,0,1
2380,0,0,0,0,0,0,0,0,0,0,0,0,0,0,0,1
2400,0,0,0,0,0,0,0,0,0,0,0,0,0,0,0,1
2420,0,0,0,0,0,0,0,0,0,0,0,0,0,0,0,1
2440,0,0,1,0,1,0,0,1,0,1,0,1,1,0,1,1
2460,0,0,1,0,1,0,0,1,0,1,0,1,1,0,1,1
2480,0,0,1,0,1,0,0,1,0,1,0,1,1,0,1,1
2500,0,0,1,0,1,0,0,1,0,1,0,1,1,0,1,1
2520,0,0,0,0,0,0,0,1,0,0,0,0,1,0,1,0
2540,0,0,0,0,0,1,1,1,0,0,0,0,1,1,1,0
2560,0,0,0,0,0,1,1,1,0,0,0,0,1,1,1,0
2580,0,0,0,0,0,1,1,1,0,0,0,0,1,1,1,0
2600,0,0,0,0,0,1,1,1,0,0,0,0,1,1,1,0
2620,0,0,0,0,0,1,1,1,0,0,0,0,1,1,1,0
2640,0,0,0,0,0,1,1,1,0,0,0,0,1,1,1,0
2660,0,0,0,0,0,1,1,1,0,0,0,0,1,1,1,0
2680,0,0,0,0,0,1,1,1,0,0,0,0,1,1,1,0
2700,0,0,0,0,0,1,1,1,0,0,0,0,1,1,1,0
2720,0,0,0,0,0,1,1,1,0,0,0,0,1,1,1,0
2740,0,0,0,0,0,0,0,0,0,0,0,0,0,1,1,1
2760,0,0,0,0,0,0,0,0,0,0,0,0,0,1,1,1
2780,0,0,0,0,0,0,0,0,0,0,0,0,0,1,1,1
2800,0,0,0,0,0,0,0,0,0,0,0,0,0,1,1,1
2820,0,0,0,0,0,0,0,0,0,0,0,0,0,1,1,1
2840,0,0,0,0,0,0,0,0,0,0,0,0,0,1,1,1
2860,0,0,0,0,0,0,0,0,0,0,0,0,0,1,1,1
2880,0,0,0,0,0,0,0,0,0,0,0,0,0,1,1,1
2900,0,0,0,0,0,0,0,0,0,0,0,0,0,1,1,1
2920,0,0,0,0,0,0,0,0,0,0,0,0,0,1,1,1
2940,0,0,0,0,0,0,0,0,0,0,0,0,0,1,1,1
2960,0,0,0,0,0,0,0,0,0,0,0,0,0,1,1,1
2980,0,0,0,0,0,0,0,0,0,0,0,0,0,1,1,1
3000,0,0,0,0,0,0,0,0,0,0,0,0,0,1,1,1
3020,0,0,1,1,1,0,0,1,1,0,0,1,1,1,1,1
3040,0,0,1,1,1,0,0,1,1,1,1,1,1,1,1,1
3060,0,0,1,1,1,0,0,1,1,1,1,1,1,1,1,1
3080,0,0,1,1,1,0,0,1,1,1,1,1,1,1,1,1
3100,0,0,1,1,1,0,0,1,1,1,1,1,1,1,1,1
3120,0,0,1,1,1,0,0,1,1,1,1,1,1,1,1,1
3140,0,0,1,1,1,0,0,1,1,1,1,1,1,1,1,1
3160,0,0,0,0,0,0,0,0,0,1,1,1,1,1,0,0
3180,0,0,0,0,0,0,0,0,0,1,1,1,1,1,0,0
3200,0,0,0,0,0,0,0,0,0,1,1,1,1,1,0,0
3220,0,0,0,0,0,0,0,0,0,1,1,1,1,1,0,0
3240,0,0,0,0,0,0,0,0,0,1,1,1,1,1,0,0
3260,0,0,0,0,0,0,0,0,0,1,1,1,1,1,0,0
3280,0,0,0,0,0,0,0,0,0,1,1,1,1,1,0,0
3300,0,0,0,0,0,0,0,0,0,1,1,1,1,1,0,0
3320,0,0,0,0,0,0,0,0,0,1,1,1,1,1,0,0
3340,0,0,0,0,0,0,0,0,0,1,1,1,1,1,0,0
3360,0,0,1,1,1,1,1,1,1,1,1,1,1,1,1,1
3380,0,1,1,1,1,1,1,1,1,1,1,1,1,1,1,1
3400,0,0,0,0,0,1,1,1,1,0,0,0,0,1,1,0
3420,0,0,0,0,0,0,0,0,0,0,0,0,0,0,0,0
3440,0,0,0,0,0,0,0,0,0,0,0,0,0,0,0,0
3460,0,0,0,0,0,0,0,0,0,0,0,0,0,0,0,0
3480,0,0,0,0,0,0,0,0,0,0,0,0,0,0,0,0
3500,0,0,0,0,0,0,0,0,0,0,0,0,0,0,0,0
3520,0,0,0,0,0,0,0,0,0,0,0,0,0,0,0,0
3540,0,0,0,0,0,0,0,0,0,0,0,0,0,0,0,0
3560,0,0,0,0,0,0,0,0,1,0,0,0,0,0,0,0
3580,0,0,0,0,0,0,0,0,1,1,0,0,1,0,0,0
3600,0,0,0,0,0,0,0,0,1,1,0,0,1,0,0,0
3620,0,0,0,0,0,0,0,0,1,1,0,0,1,0,0,0
3640,0,0,0,0,0,0,0,0,1,1,0,0,1,0,0,0
3660,0,0,0,0,0,0,0,0,1,1,0,0,1,0,0,0
3680,0,0,0,0,0,0,0,0,1,1,0,0,1,0,0,0
3700,0,0,0,0,0,0,0,0,1,1,0,0,1,0,0,0
3720,0,0,0,0,0,0,0,0,0,0,1,1,0,1,1,1
3740,0,0,0,0,0,0,0,0,0,0,1,1,0,1,1,1
3760,0,0,0,0,0,0,0,0,0,0,1,1,0,1,1,1
3780,0,0,0,0,0,0,0,0,0,0,1,1,0,1,1,1
3800,0,0,0,0,0,0,0,0,0,0,1,1,0,1,1,1
3820,0,0,0,0,0,0,0,0,0,0,1,1,0,1,1,1
3840,0,0,0,0,0,0,0,0,0,0,1,1,0,1,1,1
3860,0,0,0,0,0,0,0,0,0,0,1,1,0,1,1,1
3880,0,0,0,0,0,0,0,0,0,0,1,1,0,1,1,1
3900,0,0,0,0,0,0,0,0,0,0,1,1,0,1,1,1
3920,0,0,0,0,0,0,0,0,0,0,1,1,0,1,1,1
3940,0,0,0,0,0,0,0,0,0,0,1,1,0,1,1,1
3960,0,0,0,0,0,0,0,0,0,0,1,1,0,1,1,1
3980,0,0,0,0,0,0,1,0,0,1,0,1,0,0,1,0
4000,0,0,0,0,0,0,0,0,0,0,0,0,0,0,0,0
4020,0,0,0,0,0,0,0,0,0,0,0,0,0,0,0,0
4040,0,0,0,0,0,0,0,0,0,0,0,0,0,0,0,0
4060,0,0,0,0,0,0,0,0,0,0,0,0,0,0,0,0
4080,0,0,0,0,0,0,0,0,0,0,0,0,0,0,0,0
4100,0,0,0,0,0,0,0,0,0,0,0,0,0,0,0,0
4120,0,0,0,0,0,0,0,0,0,0,0,0,0,0,0,0
4140,0,0,0,0,0,0,0,0,0,0,0,0,0,0,0,0
4160,0,0,0,0,0,0,0,0,0,0,0,0,0,0,0,0
4180,0,0,0,0,0,0,0,0,0,0,0,0,0,0,0,0
4200,0,0,0,0,0,0,0,0,0,0,0,0,0,0,0,0
4220,0,0,0,0,0,0,0,0,0,0,0,0,0,0,0,0
4240,0,0,0,0,0,0,0,0,0,0,0,0,0,0,0,0
4260,0,0,0,0,0,0,0,0,0,0,0,0,0,0,0,0
4280,0,0,0,0,0,0,0,0,0,0,0,0,0,0,0,0
4300,0,0,0,0,0,0,0,0,0,0,0,0,0,0,0,0
4320,0,0,0,0,0,0,0,0,0,0,0,0,0,0,0,0
4340,0,0,0,0,0,0,0,0,0,0,0,0,0,0,0,0
4360,0,0,0,0,0,0,0,0,0,0,0,0,0,0,0,0
4380,0,0,0,0,0,0,0,0,0,0,0,0,0,0,0,0
4400,0,0,0,0,0,0,0,0,0,0,0,0,0,0,0,0
4420,0,0,0,0,0,0,0,0,0,0,0,0,0,0,0,0
4440,0,0,0,0,0,0,0,0,0,0,0,0,0,0,0,0
4460,0,0,0,0,0,0,0,0,0,0,0,0,0,0,0,0
4480,0,0,0,0,0,0,0,0,0,0,0,0,0,0,0,0
4500,0,0,0,0,0,0,0,0,0,0,0,0,0,0,0,0
4520,0,0,0,0,0,0,0,0,0,0,0,0,0,0,0,0
4540,0,0,0,0,0,0,0,0,0,0,0,0,0,0,0,0
4560,0,0,0,0,0,0,0,0,0,0,0,0,0,0,0,0
4580,0,0,0,0,0,0,0,0,0,0,0,0,0,0,0,0
4600,0,0,0,0,0,0,0,0,0,0,0,0,0,0,0,0
4620,0,0,0,0,0,0,0,0,0,0,0,0,0,0,0,0
4640,0,0,0,0,0,0,0,0,0,0,0,0,0,0,0,0
4660,0,0,0,0,0,0,0,0,0,0,0,0,0,0,0,0
4680,0,0,0,0,0,0,0,0,0,0,0,0,0,0,0,0
4700,0,0,0,0,0,0,0,0,0,0,0,0,0,0,0,0
4720,0,0,0,0,0,0,0,0,0,0,0,0,0,0,0,0
4740,0,0,0,0,0,0,0,0,0,0,0,0,0,0,0,0
4760,0,0,0,0,0,0,0,0,0,0,0,0,0,0,0,0
4780,0,0,0,0,0,0,0,0,0,0,0,0,0,0,0,0
4800,0,0,0,0,0,0,0,0,0,0,0,0,0,0,0,0
4820,0,0,0,0,0,0,0,0,0,0,0,0,0,0,0,0
4840,0,0,0,0,0,0,0,0,0,0,0,0,0,0,0,0
4860,0,0,0,0,0,0,0,0,0,0,0,0,0,0,0,0
4880,0,0,0,0,0,0,0,0,0,0,0,0,0,0,0,0
4900,0,0,0,0,0,0,0,0,0,0,0,0,0,0,0,0
4920,0,0,0,0,0,0,0,0,0,0,0,0,0,0,0,0
4940,0,0,0,0,0,0,0,0,0,0,0,0,0,0,0,0
4960,0,0,0,0,0,0,0,0,0,0,0,0,0,0,0,0
4980,0,0,0,0,0,0,0,0,0,0,0,0,0,0,0,0
5000,0,0,0,0,0,0,0,0,0,0,0,0,0,0,0,0
5020,0,0,0,0,0,0,0,0,0,0,0,0,0,0,0,0
5040,0,0,0,0,0,0,0,0,0,0,0,0,0,0,0,0
5060,0,0,0,0,0,0,0,0,0,0,0,0,0,0,0,0
5080,0,0,0,0,0,0,0,0,0,0,0,0,0,0,0,0
5100,0,0,0,0,0,0,0,0,0,0,0,0,0,0,0,0
5120,0,0,0,0,0,0,0,0,0,0,0,0,0,0,0,0
5140,0,0,0,0,0,0,0,0,0,0,0,0,0,0,0,0
5160,0,0,0,0,0,0,0,0,0,0,0,0,0,0,0,0
5180,0,0,0,0,0,0,0,0,0,0,0,0,0,0,0,0
5200,0,0,0,0,0,0,0,0,0,0,0,0,0,0,0,0
5220,0,0,0,0,0,0,0,0,0,0,0,0,0,0,0,0
5240,0,0,0,0,0,0,0,0,0,0,0,0,0,0,0,0
5260,0,0,0,0,0,1,1,1,0,0,0,0,1,1,1,0
5280,0,0,0,0,0,1,1,1,0,0,0,0,1,1,1,0
5300,0,0,0,0,0,1,1,1,0,0,0,0,1,1,1,0
5320,0,0,0,0,0,1,1,1,0,0,0,0,1,1,1,0
5340,0,0,0,0,0,1,1,1,0,0,0,0,1,1,1,0
5360,0,0,0,0,0,1,1,1,0,0,0,0,1,1,1,0
5380,0,0,0,0,0,1,1,1,0,0,0,0,1,1,1,0
5400,0,0,0,0,0,1,1,1,0,0,0,0,1,1,1,0
5420,0,0,0,0,0,1,1,1,0,0,0,0,1,1,1,0
5440,0,0,0,0,0,1,1,1,0,0,0,0,1,1,1,0
5460,0,0,0,1,1,0,0,0,1,1,1,1,0,0,0,0
5480,0,0,0,1,1,0,0,0,1,1,1,1,0,0,0,0
5500,0,0,0,1,1,0,0,0,1,1,1,1,0,0,0,0
5520,0,0,0,1,1,0,0,0,1,1,1,1,0,0,0,0
5540,0,0,0,1,1,0,0,0,1,1,1,1,0,0,0,0
5560,0,0,0,1,1,0,0,0,1,1,1,1,0,0,0,0
5580,0,0,0,1,1,0,0,0,1,1,1,1,0,0,0,0
5600,0,0,0,1,1,0,0,0,1,1,1,1,0,0,0,0
5620,0,0,0,1,1,0,0,0,1,1,1,1,0,0,0,0
5640,0,0,0,0,0,0,0,0,0,0,0,0,0,0,0,0
5660,0,0,0,0,0,0,0,0,0,0,0,0,0,0,0,1
5680,0,0,0,0,0,0,0,0,0,0,0,0,0,0,0,1
5700,0,0,0,0,0,0,0,0,0,0,0,0,0,0,0,1
5720,0,0,0,0,0,0,0,0,0,0,0,0,0,0,0,1
5740,0,0,0,0,0,0,0,0,0,0,0,0,0,0,0,1
5760,0,0,0,0,0,0,0,0,0,0,0,0,0,0,0,1
5780,0,0,0,0,0,0,0,0,0,0,0,0,0,0,0,1
5800,0,0,0,0,0,0,0,0,0,0,0,0,0,0,0,1
5820,0,0,0,0,0,0,0,0,0,0,0,0,0,0,0,1
5840,0,0,0,0,0,0,0,0,0,0,0,0,0,0,0,1
5860,0,0,0,0,0,0,0,0,0,0,0,0,0,0,0,1
5880,0,0,0,0,0,0,0,0,0,1,1,1,1,1,0,0
5900,0,0,0,0,0,0,0,0,0,1,1,1,1,1,0,0
5920,0,0,0,0,0,0,0,0,0,1,1,1,1,1,0,0
5940,0,0,0,0,0,0,0,0,0,1,1,1,1,1,0,0
5960,0,0,0,0,0,0,0,0,0,1,1,1,1,1,0,0
5980,0,0,0,0,0,0,0,0,0,1,1,1,1,1,0,0
6000,0,0,0,0,0,0,0,0,0,1,1,1,1,1,0,0
6020,0,0,0,0,0,0,0,0,0,1,1,1,1,1,0,0
6040,0,0,0,0,0,0,0,0,0,1,1,1,1,1,0,0
6060,0,0,0,0,0,0,0,0,0,1,1,1,1,1,0,0
6080,0,0,0,0,0,0,0,0,0,1,1,1,1,1,0,0
6100,0,0,0,0,0,0,0,0,0,1,1,1,1,1,0,0
6120,0,0,0,0,1,1,1,1,1,1,1,1,1,1,0,0
6140,0,0,0,0,1,1,1,1,1,0,0,0,0,0,0,0
6160,0,0,0,0,1,1,1,1,1,0,0,0,0,0,0,0
6180,0,0,0,0,1,1,1,1,1,0,0,0,0,0,0,0
6200,0,0,0,0,1,1,1,1,1,0,0,0,0,0,0,0
6220,0,0,0,0,1,1,1,1,1,0,0,0,0,0,0,0
6240,0,0,0,0,1,1,1,1,1,0,0,0,0,0,0,0
6260,0,0,0,0,1,1,1,1,1,0,0,0,0,0,0,0
6280,0,0,0,0,1,1,1,1,1,0,0,0,0,0,0,0
6300,0,0,0,0,1,1,1,1,1,0,0,0,0,0,0,0
6320,0,0,0,0,1,1,1,1,1,0,0,0,0,0,0,0
6340,0,1,1,1,1,1,1,1,1,0,1,1,1,1,0,1
6360,0,1,1,1,1,1,1,1,1,0,1,1,1,1,0,1
6380,0,1,1,1,1,1,1,1,1,0,1,1,1,1,0,1
6400,0,1,1,1,1,1,1,0,1,0,1,1,1,1,1,1
6420,0,0,0,0,0,0,0,0,0,0,0,0,0,1,1,1
6440,0,0,0,0,0,0,0,0,0,0,0,0,0,1,1,1
6460,0,0,0,0,0,0,0,0,0,0,0,0,0,1,1,1
6480,0,0,0,0,0,0,0,0,0,0,0,0,0,1,1,1
6500,0,0,0,0,0,0,0,0,0,0,0,0,0,1,1,1
6520,0,0,0,0,0,0,0,0,0,0,0,0,0,1,1,1
6540,0,0,0,0,0,0,0,0,0,0,0,0,0,1,1,1
6560,0,0,0,0,0,0,0,0,0,0,0,0,0,1,1,1
6580,0,0,0,0,0,0,0,0,0,0,0,0,0,1,1,1
6600,0,0,0,0,0,0,0,0,0,0,0,0,0,1,1,1
6620,0,0,0,0,0,0,0,0,0,0,0,0,0,1,1,1
6640,0,0,0,0,0,0,0,0,0,0,0,0,0,1,1,1
6660,0,0,0,0,0,0,0,0,0,0,0,0,0,1,1,1
6680,0,0,0,0,0,0,0,0,0,0,0,0,0,1,1,1
6700,0,0,0,0,0,0,0,0,0,0,0,0,0,0,0,0
6720,0,0,0,0,0,0,0,0,0,0,0,0,0,0,0,0
6740,0,0,0,0,0,0,0,0,0,0,0,0,0,0,0,0
6760,0,0,0,0,0,0,0,0,0,0,0,0,0,0,0,0
6780,0,0,0,0,0,0,0,0,0,0,0,0,0,0,0,0
6800,0,0,0,0,0,0,0,0,0,0,0,0,0,0,0,0
6820,0,0,0,0,0,0,0,0,0,0,0,0,0,0,0,0
6840,0,0,0,0,0,0,0,0,0,0,0,0,0,0,0,0
6860,0,0,0,0,0,0,0,0,0,0,0,0,0,0,0,0
6880,0,0,0,0,0,0,0,0,0,0,0,0,0,0,0,0
6900,0,0,0,0,0,0,0,0,0,0,0,0,0,0,0,0
6920,0,0,0,0,0,0,0,0,0,0,0,0,0,0,0,0
6940,0,0,0,0,0,0,0,0,0,0,0,0,0,0,0,0
6960,0,0,0,0,0,0,0,0,0,0,0,0,0,0,0,0
6980,0,0,0,0,0,0,0,0,0,0,0,0,0,0,0,0
7000,0,0,0,0,0,0,0,0,0,0,0,0,0,0,0,0
7020,0,0,0,0,0,0,0,0,0,0,0,0,0,0,0,0
7040,0,0,0,0,0,0,0,0,0,0,0,0,0,0,0,0
7060,0,0,0,0,0,0,0,0,0,0,0,0,0,0,0,0
7080,0,0,0,0,0,0,0,0,0,0,0,0,0,0,0,0
7100,0,0,0,0,0,0,0,0,0,0,0,0,0,0,0,0
7120,0,0,0,0,0,0,0,0,0,0,0,0,0,0,0,0
7140,0,0,0,0,0,0,0,0,0,0,0,0,0,0,0,0
7160,0,0,0,0,0,0,0,0,0,0,0,0,0,0,0,0
7180,0,0,0,0,0,0,0,0,0,0,0,0,0,0,0,0
7200,0,0,0,0,0,0,0,0,0,0,0,0,0,0,0,0
7220,0,0,0,0,0,0,0,0,0,0,0,0,0,0,0,0
7240,0,0,0,0,0,0,0,0,0,0,0,0,0,0,0,0
7260,0,0,0,0,0,0,0,0,0,0,0,0,0,0,0,0
7280,0,0,0,0,0,0,0,0,0,0,0,0,0,0,0,0
7300,0,0,0,0,0,0,0,0,0,0,0,0,0,0,0,0
7320,0,0,0,0,0,0,0,0,0,0,0,0,0,0,0,0
7340,0,0,0,0,0,0,0,0,0,0,0,0,0,0,0,0
7360,0,0,0,0,0,0,0,0,0,0,0,0,0,0,0,0
7380,0,0,0,0,0,0,0,0,0,0,0,0,0,0,0,0
7400,0,0,0,0,0,0,0,0,0,0,0,0,0,0,0,0
7420,0,0,0,0,0,0,0,0,0,0,0,0,0,0,0,0
7440,0,0,0,0,0,0,0,0,0,0,0,0,0,0,0,0
7460,0,0,0,0,0,0,0,0,0,0,0,0,0,0,0,0
7480,0,0,0,0,0,0,0,0,0,0,0,0,0,0,0,0
7500,0,0,0,0,0,0,0,0,0,0,0,0,0,0,0,0
7520,0,0,0,0,0,0,0,0,0,0,0,0,0,0,0,0
7540,0,0,0,0,0,0,0,0,0,0,0,0,0,0,0,0
7560,0,0,0,0,0,0,0,0,0,0,0,0,0,0,0,0
7580,0,0,0,0,0,0,0,0,0,0,0,0,0,0,0,0
7600,0,0,0,0,0,0,0,0,0,0,0,0,0,0,0,0
7620,0,0,0,0,0,0,0,0,0,0,0,0,0,0,0,0
7640,0,0,0,0,0,0,0,0,0,0,0,0,0,0,0,0
7660,0,0,0,0,0,0,0,0,0,0,0,0,0,0,0,0
7680,0,0,0,0,0,0,0,0,0,0,0,0,0,0,0,0
7700,0,0,0,0,0,0,0,0,0,0,0,0,0,0,0,0
7720,0,0,0,0,0,0,0,0,0,0,0,0,0,0,0,0
7740,0,0,0,0,0,0,0,0,0,0,0,0,0,0,0,0
7760,0,0,0,0,0,0,0,0,0,0,0,0,0,0,0,0
7780,0,0,0,0,0,0,0,0,0,0,0,0,0,0,0,0
7800,0,0,0,0,0,0,0,0,0,0,0,0,0,0,0,0
7820,0,0,0,0,0,0,0,0,0,0,0,0,0,0,0,0
7840,0,0,0,0,0,0,0,0,0,0,0,0,0,0,0,0
7860,0,0,0,0,0,0,0,0,0,0,0,0,0,0,0,0
7880,0,0,0,0,0,0,0,0,0,0,0,0,0,0,0,0
7900,0,0,0,0,0,0,0,0,0,0,0,0,0,0,0,0
7920,0,0,0,0,0,0,0,0,0,0,0,0,0,0,0,0
7940,0,0,0,0,0,0,0,0,0,0,0,0,0,0,0,0
7960,0,0,0,0,0,0,0,0,0,0,0,0,0,0,0,0
7980,0,0,0,0,0,0,0,0,0,0,0,0,0,0,0,0
8000,0,0,0,0,0,0,0,0,0,0,0,0,0,0,0,0
8020,0,0,0,0,0,0,0,0,0,0,0,0,0,0,0,0
8040,0,0,0,0,0,0,0,0,0,0,0,0,0,0,0,0
8060,0,0,0,0,0,0,0,0,0,0,0,0,0,0,0,0
8080,0,0,0,0,0,0,0,0,0,0,0,0,0,0,0,0
8100,0,0,0,0,0,0,0,0,0,0,0,0,0,0,0,0
8120,0,0,0,0,0,0,0,0,0,0,0,0,0,0,0,0
8140,0,0,0,0,0,0,0,0,0,0,0,0,0,0,0,0
8160,0,0,0,0,0,0,0,0,0,0,0,0,0,0,0,0
8180,0,0,0,0,0,0,0,0,0,0,0,0,0,0,0,0
8200,0,0,0,0,0,0,0,0,0,0,0,0,0,0,0,0
8220,0,0,0,0,0,0,0,0,0,0,0,0,0,0,0,0
8240,0,0,0,0,0,0,0,0,0,0,0,0,0,0,0,0
8260,0,0,0,0,0,0,0,0,0,0,0,0,0,0,0,0
8280,0,0,0,0,0,0,0,0,0,0,0,0,0,0,0,0
8300,0,0,0,0,0,0,0,0,0,0,0,0,0,0,0,0
