stage,expo_us,delay_us,position,t_us,mean,sd,n,ref,lit
coarse,1000.125,0.0,0,0.0,249.38,3.2,8,255.71,0
coarse,1000.125,0.0,1,8335.09,990.75,0.66,8,255.71,1
coarse,1000.125,0.0,2,16670.18,260.62,3.74,8,255.71,0
coarse,1000.125,0.0,3,25005.27,255.71,2.19,7,255.71,0
coarse,1000.125,0.0,4,33340.36,252.71,3.77,7,255.71,0
coarse,1000.125,1000.0,0,1000.0,276.25,1.92,8,276.25,0
coarse,1000.125,1000.0,1,9335.09,991.88,0.33,8,276.25,1
coarse,1000.125,1000.0,2,17670.18,275.38,2.64,8,276.25,0
coarse,1000.125,1000.0,3,26005.27,276.88,1.9,8,276.25,0
coarse,1000.125,1000.0,4,34340.36,275.29,3.1,7,276.25,0
coarse,1000.125,2000.0,0,2000.0,276.88,1.9,8,277.29,0
coarse,1000.125,2000.0,1,10335.09,1000.12,0.33,8,277.29,1
coarse,1000.125,2000.0,2,18670.18,281.86,1.88,7,277.29,0
coarse,1000.125,2000.0,3,27005.27,277.29,2.31,7,277.29,0
coarse,1000.125,2000.0,4,35340.36,275.71,2.86,7,277.29,0
coarse,1000.125,3000.0,0,3000.0,284.38,2.78,8,286.14,0
coarse,1000.125,3000.0,1,11335.09,999.0,0.0,7,286.14,1
coarse,1000.125,3000.0,2,19670.18,286.14,3.31,7,286.14,0
coarse,1000.125,3000.0,3,28005.27,282.57,2.82,7,286.14,0
coarse,1000.125,3000.0,4,36340.36,286.57,1.68,7,286.14,0
coarse,1000.125,4000.0,0,4000.0,305.75,11.85,8,314.38,0
coarse,1000.125,4000.0,1,12335.09,1002.0,0.0,8,314.38,1
coarse,1000.125,4000.0,2,20670.18,314.5,10.85,8,314.38,0
coarse,1000.125,4000.0,3,29005.27,314.38,9.27,8,314.38,0
coarse,1000.125,4000.0,4,37340.36,311.29,10.86,7,314.38,0
coarse,1000.125,5000.0,0,5000.0,283.25,3.86,8,282.71,0
coarse,1000.125,5000.0,1,13335.09,995.88,0.33,8,282.71,1
coarse,1000.125,5000.0,2,21670.18,281.5,2.45,8,282.71,0
coarse,1000.125,5000.0,3,30005.27,282.71,4.06,7,282.71,0
coarse,1000.125,5000.0,4,38340.36,281.71,4.46,7,282.71,0
coarse,1000.125,6000.0,0,6000.0,238.38,3.31,8,235.5,0
coarse,1000.125,6000.0,1,14335.09,996.5,0.5,8,235.5,1
coarse,1000.125,6000.0,2,22670.18,235.5,1.66,8,235.5,0
coarse,1000.125,6000.0,3,31005.27,232.88,3.52,8,235.5,0
coarse,1000.125,6000.0,4,39340.36,234.25,1.3,8,235.5,0
coarse,1000.125,7000.0,0,7000.0,215.38,2.96,8,202.62,0
coarse,1000.125,7000.0,1,15335.09,227.62,1.41,8,202.62,0
coarse,1000.125,7000.0,2,23670.18,202.62,3.31,8,202.62,0
coarse,1000.125,7000.0,3,32005.27,197.0,2.96,8,202.62,0
coarse,1000.125,7000.0,4,40340.36,202.14,1.36,7,202.62,0
coarse,1000.125,7334.09,0,7334.09,221.88,2.03,8,205.0,0
coarse,1000.125,7334.09,1,15669.18,221.75,2.99,8,205.0,0
coarse,1000.125,7334.09,2,24004.27,203.0,2.62,7,205.0,0
coarse,1000.125,7334.09,3,32339.36,205.0,1.6,7,205.0,0
coarse,1000.125,7334.09,4,40674.45,202.86,3.31,7,205.0,0
onset,500.25,0.0,0,0.0,183.88,2.26,8,187.71,0
onset,500.25,0.0,1,8335.09,214.71,0.7,7,187.71,0
onset,500.25,0.0,2,16670.18,194.71,2.12,7,187.71,0
onset,500.25,0.0,3,25005.27,187.71,0.7,7,187.71,0
onset,500.25,0.0,4,33340.36,186.29,1.48,7,187.71,0
onset,500.25,500.06,0,500.06,200.75,0.83,8,201.29,0
onset,500.25,500.06,1,8835.15,990.75,0.43,8,201.29,1
onset,500.25,500.06,2,17170.24,206.0,1.0,8,201.29,0
onset,500.25,500.06,3,25505.33,201.29,1.83,7,201.29,0
onset,500.25,500.06,4,33840.42,199.43,2.38,7,201.29,0
onset,250.125,500.06,0,500.06,170.88,0.6,8,172.0,0
onset,250.125,500.06,1,8835.15,987.75,0.83,8,172.0,1
onset,250.125,500.06,2,17170.24,175.38,0.48,8,172.0,0
onset,250.125,500.06,3,25505.33,172.0,0.0,7,172.0,0
onset,250.125,500.06,4,33840.42,170.86,0.35,7,172.0,0
onset,250.125,750.09,0,750.09,175.38,1.22,8,177.38,0
onset,250.125,750.09,1,9085.18,987.25,0.97,8,177.38,1
onset,250.125,750.09,2,17420.27,180.38,0.99,8,177.38,0
onset,250.125,750.09,3,25755.36,177.38,0.48,8,177.38,0
onset,250.125,750.09,4,34090.45,176.38,0.86,8,177.38,0
onset,124.875,500.06,0,500.06,158.25,0.43,8,158.86,0
onset,124.875,500.06,1,8835.15,985.12,0.78,8,158.86,1
onset,124.875,500.06,2,17170.24,162.0,0.0,8,158.86,0
onset,124.875,500.06,3,25505.33,158.86,0.35,7,158.86,0
onset,124.875,500.06,4,33840.42,158.14,0.64,7,158.86,0
onset,124.875,625.08,0,625.08,161.62,0.48,8,162.57,0
onset,124.875,625.08,1,8960.17,986.62,0.7,8,162.57,1
onset,124.875,625.08,2,17295.26,165.57,0.49,7,162.57,0
onset,124.875,625.08,3,25630.35,162.57,0.49,7,162.57,0
onset,124.875,625.08,4,33965.44,161.86,0.35,7,162.57,0
onset,62.625,500.06,0,500.06,153.0,0.0,8,155.12,0
onset,62.625,500.06,1,8835.15,182.5,0.5,8,155.12,0
onset,62.625,500.06,2,17170.24,160.88,0.33,8,155.12,0
onset,62.625,500.06,3,25505.33,155.12,0.33,8,155.12,0
onset,62.625,500.06,4,33840.42,153.75,0.43,8,155.12,0
onset,62.625,562.57,0,562.57,154.88,0.33,8,155.88,0
onset,62.625,562.57,1,8897.66,986.0,0.0,8,155.88,1
onset,62.625,562.57,2,17232.75,158.0,0.0,8,155.88,0
onset,62.625,562.57,3,25567.84,155.88,0.33,8,155.88,0
onset,62.625,562.57,4,33902.93,154.43,0.49,7,155.88,0
onset,31.125,562.57,0,562.57,153.0,0.0,8,154.0,0
onset,31.125,562.57,1,8897.66,735.71,32.73,7,154.0,1
onset,31.125,562.57,2,17232.75,156.14,0.35,7,154.0,0
onset,31.125,562.57,3,25567.84,154.0,0.0,7,154.0,0
onset,31.125,562.57,4,33902.93,153.43,0.49,7,154.0,0
onset,31.125,593.82,0,593.82,153.12,0.33,8,154.57,0
onset,31.125,593.82,1,8928.91,985.12,0.33,8,154.57,1
onset,31.125,593.82,2,17264.0,156.75,0.43,8,154.57,0
onset,31.125,593.82,3,25599.09,154.57,0.49,7,154.57,0
onset,31.125,593.82,4,33934.18,154.0,0.0,7,154.57,0
onset,15.75,562.57,0,562.57,152.88,0.33,8,154.25,0
onset,15.75,562.57,1,8897.66,220.75,13.32,8,154.25,1
onset,15.75,562.57,2,17232.75,158.62,0.48,8,154.25,0
onset,15.75,562.57,3,25567.84,154.25,0.43,8,154.25,0
onset,15.75,562.57,4,33902.93,153.0,0.0,8,154.25,0
onset,15.75,578.2,0,578.2,153.0,0.0,8,154.0,0
onset,15.75,578.2,1,8913.29,762.5,27.81,8,154.0,1
onset,15.75,578.2,2,17248.38,156.0,0.0,8,154.0,0
onset,15.75,578.2,3,25583.47,154.0,0.0,7,154.0,0
onset,15.75,578.2,4,33918.56,153.0,0.0,7,154.0,0
onset,7.875,562.57,0,562.57,153.0,0.0,8,155.0,0
onset,7.875,562.57,1,8897.66,182.88,0.33,8,155.0,1
onset,7.875,562.57,2,17232.75,160.29,0.45,7,155.0,0
onset,7.875,562.57,3,25567.84,155.0,0.0,7,155.0,0
onset,7.875,562.57,4,33902.93,153.43,0.49,7,155.0,0
onset,7.875,570.38,0,570.38,153.0,0.0,8,154.86,0
onset,7.875,570.38,1,8905.47,215.75,20.32,8,154.86,1
onset,7.875,570.38,2,17240.56,159.14,0.83,7,154.86,0
onset,7.875,570.38,3,25575.65,154.86,0.35,7,154.86,0
onset,7.875,570.38,4,33910.74,153.14,0.35,7,154.86,0
end,500.25,6000.0,0,6000.0,208.88,0.93,8,203.5,0
end,500.25,6000.0,1,14335.09,993.5,0.71,8,203.5,1
end,500.25,6000.0,2,22670.18,203.5,0.71,8,203.5,0
end,500.25,6000.0,3,31005.27,202.62,1.73,8,203.5,0
end,500.25,6000.0,4,39340.36,201.57,2.19,7,203.5,0
end,500.25,6500.06,0,6500.06,194.12,1.69,8,189.12,0
end,500.25,6500.06,1,14835.15,994.5,0.5,8,189.12,1
end,500.25,6500.06,2,23170.24,188.88,0.93,8,189.12,0
end,500.25,6500.06,3,31505.33,188.62,1.73,8,189.12,0
end,500.25,6500.06,4,39840.42,189.12,0.78,8,189.12,0
end,250.125,6500.06,0,6500.06,175.25,1.3,8,170.62,0
end,250.125,6500.06,1,14835.15,994.5,0.87,8,170.62,1
end,250.125,6500.06,2,23170.24,170.0,1.0,8,170.62,0
end,250.125,6500.06,3,31505.33,170.62,0.7,8,170.62,0
end,250.125,6500.06,4,39840.42,170.57,1.18,7,170.62,0
end,250.125,6750.09,0,6750.09,169.88,0.33,8,165.75,0
end,250.125,6750.09,1,15085.18,195.5,1.22,8,165.75,0
end,250.125,6750.09,2,23420.27,165.75,0.66,8,165.75,0
end,250.125,6750.09,3,31755.36,164.43,0.73,7,165.75,0
end,250.125,6750.09,4,40090.45,163.43,0.73,7,165.75,0
end,124.875,6500.06,0,6500.06,166.12,0.33,8,160.0,0
end,124.875,6500.06,1,14835.15,993.0,0.0,8,160.0,1
end,124.875,6500.06,2,23170.24,158.38,0.48,8,160.0,0
end,124.875,6500.06,3,31505.33,159.71,0.45,7,160.0,0
end,124.875,6500.06,4,39840.42,160.0,0.0,7,160.0,0
end,124.875,6625.08,0,6625.08,163.38,0.48,8,157.86,0
end,124.875,6625.08,1,14960.17,992.0,0.0,8,157.86,1
end,124.875,6625.08,2,23295.26,155.71,0.45,7,157.86,0
end,124.875,6625.08,3,31630.35,157.57,0.49,7,157.86,0
end,124.875,6625.08,4,39965.44,157.86,0.35,7,157.86,0
end,62.625,6625.08,0,6625.08,161.0,0.0,8,154.86,0
end,62.625,6625.08,1,14960.17,991.57,0.73,7,154.86,1
end,62.625,6625.08,2,23295.26,153.0,0.0,7,154.86,0
end,62.625,6625.08,3,31630.35,154.43,0.49,7,154.86,0
end,62.625,6625.08,4,39965.44,154.86,0.35,7,154.86,0
end,62.625,6687.59,0,6687.59,159.38,0.48,8,153.29,0
end,62.625,6687.59,1,15022.68,287.0,20.36,8,153.29,1
end,62.625,6687.59,2,23357.77,152.57,0.49,7,153.29,0
end,62.625,6687.59,3,31692.86,153.29,0.45,7,153.29,0
end,62.625,6687.59,4,40027.95,153.14,0.35,7,153.29,0
end,31.125,6687.59,0,6687.59,159.0,0.0,8,152.86,0
end,31.125,6687.59,1,15022.68,260.57,17.32,7,152.86,1
end,31.125,6687.59,2,23357.77,152.29,0.45,7,152.86,0
end,31.125,6687.59,3,31692.86,152.86,0.35,7,152.86,0
end,31.125,6687.59,4,40027.95,152.86,0.35,7,152.86,0
end,31.125,6718.84,0,6718.84,159.0,0.0,8,156.0,0
end,31.125,6718.84,1,15053.93,174.14,0.35,7,156.0,0
end,31.125,6718.84,2,23389.02,156.0,0.0,7,156.0,0
end,31.125,6718.84,3,31724.11,153.29,0.45,7,156.0,0
end,31.125,6718.84,4,40059.2,153.0,0.0,7,156.0,0
end,15.75,6687.59,0,6687.59,159.0,0.0,8,152.86,0
end,15.75,6687.59,1,15022.68,270.75,21.31,8,152.86,1
end,15.75,6687.59,2,23357.77,152.29,0.45,7,152.86,0
end,15.75,6687.59,3,31692.86,152.43,0.49,7,152.86,0
end,15.75,6687.59,4,40027.95,152.86,0.35,7,152.86,0
end,15.75,6703.21,0,6703.21,158.88,0.33,8,155.29,0
end,15.75,6703.21,1,15038.3,176.86,0.64,7,155.29,0
end,15.75,6703.21,2,23373.39,155.29,0.45,7,155.29,0
end,15.75,6703.21,3,31708.48,153.43,0.49,7,155.29,0
end,15.75,6703.21,4,40043.57,153.0,0.0,7,155.29,0
end,7.875,6687.59,0,6687.59,158.88,0.33,8,153.0,0
end,7.875,6687.59,1,15022.68,260.0,21.33,7,153.0,1
end,7.875,6687.59,2,23357.77,152.43,0.49,7,153.0,0
end,7.875,6687.59,3,31692.86,153.0,0.0,7,153.0,0
end,7.875,6687.59,4,40027.95,153.0,0.0,7,153.0,0
end,7.875,6695.4,0,6695.4,159.0,0.0,8,155.25,0
end,7.875,6695.4,1,15030.49,183.12,1.83,8,155.25,1
end,7.875,6695.4,2,23365.58,155.25,0.43,8,155.25,0
end,7.875,6695.4,3,31700.67,153.5,0.5,8,155.25,0
end,7.875,6695.4,4,40035.76,153.12,0.33,8,155.25,0
