Designator,Mid X,Mid Y,Layer,Rotation
C1,147.5000mm,-90.7000mm,Bottom,270
C2,146.3000mm,-85.4000mm,Bottom,180
C3,145.2000mm,-88.8000mm,Bottom,270
C4,147.0000mm,-87.7000mm,Bottom,270
C8,102.1000mm,-76.9000mm,Bottom,0
J1,138.0000mm,-64.0000mm,Bottom,0
J2,138.0000mm,-101.0000mm,Bottom,0
J3,116.5000mm,-64.0000mm,Bottom,0
R1,133.0000mm,-89.5000mm,Bottom,90
R2,126.5000mm,-75.6000mm,Bottom,90
R3,131.1000mm,-75.7000mm,Bottom,0
R4,131.8000mm,-70.6000mm,Bottom,180
R5,137.0000mm,-72.9000mm,Bottom,0
R6,129.3000mm,-69.9000mm,Bottom,0
R7,146.5000mm,-73.5000mm,Bottom,270
R10,124.2000mm,-75.1000mm,Bottom,0
R11,123.7000mm,-77.6000mm,Bottom,270
R12,128.9000mm,-77.7000mm,Bottom,180
R13,128.9000mm,-75.1000mm,Bottom,0
R20,145.4000mm,-76.0000mm,Bottom,180
R21,147.6000mm,-77.0000mm,Bottom,0
R22,130.0000mm,-68.5000mm,Bottom,180
R23,147.0000mm,-78.8000mm,Bottom,270
R24,143.2000mm,-76.0000mm,Bottom,180
R25,145.2000mm,-78.7000mm,Bottom,180
R26,136.9000mm,-74.7000mm,Bottom,180
R27,123.5000mm,-67.9000mm,Bottom,180
R30,133.0000mm,-77.4000mm,Bottom,90
R31,105.2000mm,-76.5000mm,Bottom,270
R32,103.9000mm,-76.5000mm,Bottom,270
R33,102.0000mm,-75.1000mm,Bottom,270
R34,110.5000mm,-86.1000mm,Bottom,180
R35,110.5000mm,-84.8000mm,Bottom,180
R36,111.9000mm,-88.2000mm,Bottom,270
C5,133.3094mm,-92.1100mm,Top,90
C6,132.2000mm,-73.7500mm,Top,0
C7,102.3000mm,-74.8000mm,Top,0
D1,147.2500mm,-74.0500mm,Top,180
J4,138.0000mm,-64.0000mm,Top,0
J5,138.0000mm,-101.0000mm,Top,0
J6,116.5000mm,-64.0000mm,Top,0
J7,107.5000mm,-83.0000mm,Top,270
Q1,131.4000mm,-69.6500mm,Top,0
Q2,135.5500mm,-71.9500mm,Top,0
U1,140.0000mm,-83.0000mm,Top,180
U2,126.5500mm,-75.7500mm,Top,270
